"date","description","displayedUrl","emphasizedKeywords","personalInfo/companyName","personalInfo/jobTitle","personalInfo/location","personalInfo/rawText","position","searchQuery/countryCode","searchQuery/device","searchQuery/domain","searchQuery/languageCode","searchQuery/locationUule","searchQuery/page","searchQuery/resultsPerPage","searchQuery/term","searchQuery/type","searchQuery/url","title","type","url"
,"""This work was supported in part through the NYU IT High Performance Computing resources, services, and staff expertise"". Please let the NYU HPC team know ...","https://sites.google.com › nyu.edu › nyu-hpc › about › a...","work | supported | part through | NYU | High Performance Computing resources | services | staff expertise | NYU HPC",,,,,"1","US","DESKTOP","google.com",,,"1","100","This work was supported in part through the NYU IT High Performance Computing resources, services, and staff expertise","SEARCH","http://www.google.com/search?q=This+work+was+supported+in+part+through+the+NYU+IT+High+Performance+Computing+resources%2C+services%2C+and+staff+expertise&num=100","Acknowledgement Statement - hpc@nyu.edu","organic","https://sites.google.com/nyu.edu/nyu-hpc/about/acknowledgement-statement"
,"This work was supported in part through the NYU IT High Performance Computing resources, services, and staff expertise. Funding provided ...","https://archive.nyu.edu › handle","work | supported | part through | NYU | High Performance Computing resources | services | staff expertise",,,,,"2","US","DESKTOP","google.com",,,"1","100","This work was supported in part through the NYU IT High Performance Computing resources, services, and staff expertise","SEARCH","http://www.google.com/search?q=This+work+was+supported+in+part+through+the+NYU+IT+High+Performance+Computing+resources%2C+services%2C+and+staff+expertise&num=100","ABC: A Big CAD Model Dataset For Geometric Deep Learning","organic","https://archive.nyu.edu/handle/2451/43778"
,"by S Koch · 2019 — This work was supported in part through the NYU IT High Performance Computing resources, services, and staff expertise. Funding provided by NSF award MRI- ...","https://archive.nyu.edu › handle","work | supported | part through | NYU | High Performance Computing resources | services | staff expertise | by",,,,,"3","US","DESKTOP","google.com",,,"1","100","This work was supported in part through the NYU IT High Performance Computing resources, services, and staff expertise","SEARCH","http://www.google.com/search?q=This+work+was+supported+in+part+through+the+NYU+IT+High+Performance+Computing+resources%2C+services%2C+and+staff+expertise&num=100","ABC Dataset Chunk 0002","organic","https://archive.nyu.edu/handle/2451/44318"
,"The work was supported in part through the NYU IT High Performance Computing resources, services, and staff expertise. This work was partially supported by ...","https://archive.nyu.edu › handle","work | supported | part through | NYU | High Performance Computing resources | services | staff expertise | work | supported by",,,,,"4","US","DESKTOP","google.com",,,"1","100","This work was supported in part through the NYU IT High Performance Computing resources, services, and staff expertise","SEARCH","http://www.google.com/search?q=This+work+was+supported+in+part+through+the+NYU+IT+High+Performance+Computing+resources%2C+services%2C+and+staff+expertise&num=100","Hardware Design and Accurate Simulation for Benchmarking ...","organic","https://archive.nyu.edu/handle/2451/62251"
,"The High Performance Computing Core is NYU Langone's central resource for high-end computing in basic, translational, and clinical research.","https://med.nyu.edu › scientific-cores-shared-resources","High Performance Computing | NYU | resource | high | end computing",,,,,"5","US","DESKTOP","google.com",,,"1","100","This work was supported in part through the NYU IT High Performance Computing resources, services, and staff expertise","SEARCH","http://www.google.com/search?q=This+work+was+supported+in+part+through+the+NYU+IT+High+Performance+Computing+resources%2C+services%2C+and+staff+expertise&num=100","High Performance Computing Core","organic","https://med.nyu.edu/research/scientific-cores-shared-resources/high-performance-computing-core"
,"High Performance Computing provides supercomputer access and supporting software for researchers who need powerful processing resources. This includes the ...","https://www.nyu.edu › life › research-computing-services","High Performance Computing | supporting | resources",,,,,"6","US","DESKTOP","google.com",,,"1","100","This work was supported in part through the NYU IT High Performance Computing resources, services, and staff expertise","SEARCH","http://www.google.com/search?q=This+work+was+supported+in+part+through+the+NYU+IT+High+Performance+Computing+resources%2C+services%2C+and+staff+expertise&num=100","High Performance Computing","organic","https://www.nyu.edu/life/information-technology/research-computing-services/high-performance-computing.html"
,"The NYU Greene high performance computing (HPC) cluster is a powerful cluster that bolsters research across a wide range of disciplines, from genomics and ...","https://www.nyu.edu › high-performance-computing","NYU | high performance computing | HPC | across",,,,,"7","US","DESKTOP","google.com",,,"1","100","This work was supported in part through the NYU IT High Performance Computing resources, services, and staff expertise","SEARCH","http://www.google.com/search?q=This+work+was+supported+in+part+through+the+NYU+IT+High+Performance+Computing+resources%2C+services%2C+and+staff+expertise&num=100","NYU Greene: HPC Supercomputer Cluster","organic","https://www.nyu.edu/life/information-technology/research-computing-services/high-performance-computing/high-performance-computing-nyu-it/hpc-supercomputer-clusters.html/1000"
,"Each year, non-faculty users must renew their HPC account by filling in the account renewal form from the NYU Identity Management service. See Renewing your HPC ...","https://sites.google.com › nyu-hpc › accessing-hpc › gett...","faculty | HPC | by | NYU | service | HPC",,,,,"8","US","DESKTOP","google.com",,,"1","100","This work was supported in part through the NYU IT High Performance Computing resources, services, and staff expertise","SEARCH","http://www.google.com/search?q=This+work+was+supported+in+part+through+the+NYU+IT+High+Performance+Computing+resources%2C+services%2C+and+staff+expertise&num=100","Getting and Renewing an Account","organic","https://sites.google.com/nyu.edu/nyu-hpc/accessing-hpc/getting-and-renewing-an-account"
,"Research Computing Services supports SRCPAC's HPC clusters and the SDE, offers trainings on Linux and cloud computing, and manages scientific software ...","https://www.cuit.columbia.edu › about-research-comput...","Services supports | HPC",,,,,"9","US","DESKTOP","google.com",,,"1","100","This work was supported in part through the NYU IT High Performance Computing resources, services, and staff expertise","SEARCH","http://www.google.com/search?q=This+work+was+supported+in+part+through+the+NYU+IT+High+Performance+Computing+resources%2C+services%2C+and+staff+expertise&num=100","Research Computing Services — RCS","organic","https://www.cuit.columbia.edu/about-research-computing-services"
,"Research Computing consists of the infrastructure, applications, expert staff, policies, and other resources required to support computational and ...","https://nyuad.nyu.edu › research › facilities-and-support","Computing | expert staff | resources | support",,,,,"10","US","DESKTOP","google.com",,,"1","100","This work was supported in part through the NYU IT High Performance Computing resources, services, and staff expertise","SEARCH","http://www.google.com/search?q=This+work+was+supported+in+part+through+the+NYU+IT+High+Performance+Computing+resources%2C+services%2C+and+staff+expertise&num=100","Center for Research Computing - NYU Abu Dhabi","organic","https://nyuad.nyu.edu/en/research/facilities-and-support/center-for-research-computing.html"
"2024-02-16T12:00:00.000Z","New York University: NYU - Global: Abu Dhabi: Research Institute: High Performance Computing (HPC) · Location · Open Date · Description.","https://apply.interfolio.com › ...","NYU | High Performance Computing | HPC",,,,,"11","US","DESKTOP","google.com",,,"1","100","This work was supported in part through the NYU IT High Performance Computing resources, services, and staff expertise","SEARCH","http://www.google.com/search?q=This+work+was+supported+in+part+through+the+NYU+IT+High+Performance+Computing+resources%2C+services%2C+and+staff+expertise&num=100","HPC Computational Scientist in the The Center ...","organic","https://apply.interfolio.com/141214"
,"Academics, Career, and Essential Skills Program · NYC Public Schools Autism Programs · AIMS Program · Nest Program · Horizon Program · Autism Programs - Nest and ...","https://www.schools.nyc.gov › learning › school-settings","Skills",,,,,"12","US","DESKTOP","google.com",,,"1","100","This work was supported in part through the NYU IT High Performance Computing resources, services, and staff expertise","SEARCH","http://www.google.com/search?q=This+work+was+supported+in+part+through+the+NYU+IT+High+Performance+Computing+resources%2C+services%2C+and+staff+expertise&num=100","Specialized Programs for Students with Disabilities - NYC DOE","organic","https://www.schools.nyc.gov/learning/special-education/school-settings/specialized-programs"
"2023-03-14T12:00:00.000Z","On the Lewis & Clark campus, High Performance Computing and Data Science efforts are supported in part by the Watzek Library's Digital ...","https://library.lclark.edu › digital › hpc","High Performance Computing | supported | part by",,,,,"13","US","DESKTOP","google.com",,,"1","100","This work was supported in part through the NYU IT High Performance Computing resources, services, and staff expertise","SEARCH","http://www.google.com/search?q=This+work+was+supported+in+part+through+the+NYU+IT+High+Performance+Computing+resources%2C+services%2C+and+staff+expertise&num=100","Digital and Data Services: High Performance Computing","organic","https://library.lclark.edu/digital/hpc"
,"... services to eligible faculty and students across all of NYU. ... computing resources, outstanding services, and expertise that: ... NYU HPC resources are available ...","https://hpc.nyu.edu","services | faculty | across | NYU | resources | services | expertise | NYU HPC resources",,,,,"14","US","DESKTOP","google.com",,,"1","100","This work was supported in part through the NYU IT High Performance Computing resources, services, and staff expertise","SEARCH","http://www.google.com/search?q=This+work+was+supported+in+part+through+the+NYU+IT+High+Performance+Computing+resources%2C+services%2C+and+staff+expertise&num=100","NYU High Performance Computing","organic","https://hpc.nyu.edu/"
,"Steps for Success is designed to help you as a current employee grow your career. By offering support through coaching, mentorship, workshops and more, we're ...","https://jobs.nyulangone.org › current-employees","employee | By | support through",,,,,"15","US","DESKTOP","google.com",,,"1","100","This work was supported in part through the NYU IT High Performance Computing resources, services, and staff expertise","SEARCH","http://www.google.com/search?q=This+work+was+supported+in+part+through+the+NYU+IT+High+Performance+Computing+resources%2C+services%2C+and+staff+expertise&num=100","Current Employees | NYU Langone Health","organic","https://jobs.nyulangone.org/current-employees/"
,"Getting my work seen by people who are looking to support ... work of students, faculty, and sta... facebook ... Resources and Services A-Z · University Policies ...","https://www.newschool.edu › parsons","work | by | support | work | faculty | Resources | Services",,,,,"16","US","DESKTOP","google.com",,,"1","100","This work was supported in part through the NYU IT High Performance Computing resources, services, and staff expertise","SEARCH","http://www.google.com/search?q=This+work+was+supported+in+part+through+the+NYU+IT+High+Performance+Computing+resources%2C+services%2C+and+staff+expertise&num=100","Parsons School of Design","organic","https://www.newschool.edu/parsons/"
"2024-01-05T12:00:00.000Z","Extensive supercomputer resources are available through NYU's High Performance Computing research infrastructure. The Silver School ...","https://apply.interfolio.com › ...","resources | through NYU's High Performance Computing",,,,,"17","US","DESKTOP","google.com",,,"1","100","This work was supported in part through the NYU IT High Performance Computing resources, services, and staff expertise","SEARCH","http://www.google.com/search?q=This+work+was+supported+in+part+through+the+NYU+IT+High+Performance+Computing+resources%2C+services%2C+and+staff+expertise&num=100","New York University: NYU - NY: Silver School of Social Work","organic","https://apply.interfolio.com/138951"
,"Advance your career by learning Google Cloud at your own pace, earning badges and certifications, building projects, and connecting with peers.","https://cloud.google.com › edu › students","by",,,,,"18","US","DESKTOP","google.com",,,"1","100","This work was supported in part through the NYU IT High Performance Computing resources, services, and staff expertise","SEARCH","http://www.google.com/search?q=This+work+was+supported+in+part+through+the+NYU+IT+High+Performance+Computing+resources%2C+services%2C+and+staff+expertise&num=100","Google Cloud for Education - Students","organic","https://cloud.google.com/edu/students"
,"CITI Program provides training courses for colleges and universities, healthcare institutions, technology and research organizations, and governmental ...","https://about.citiprogram.org","",,,,,"19","US","DESKTOP","google.com",,,"1","100","This work was supported in part through the NYU IT High Performance Computing resources, services, and staff expertise","SEARCH","http://www.google.com/search?q=This+work+was+supported+in+part+through+the+NYU+IT+High+Performance+Computing+resources%2C+services%2C+and+staff+expertise&num=100","Research, Ethics, Compliance, and Safety Training","organic","https://about.citiprogram.org/"
,"FIT, a part of the State University of New York, has been an internationally recognized leader in career education in design, fashion, business, ...","https://www.fitnyc.edu","part",,,,,"20","US","DESKTOP","google.com",,,"1","100","This work was supported in part through the NYU IT High Performance Computing resources, services, and staff expertise","SEARCH","http://www.google.com/search?q=This+work+was+supported+in+part+through+the+NYU+IT+High+Performance+Computing+resources%2C+services%2C+and+staff+expertise&num=100","Fashion Institute of Technology","organic","https://www.fitnyc.edu/"
,"Apply. Thank you for your interest in career opportunities at NYU Langone. Get the answers to frequently asked questions about our jobs below.","https://jobs.nyulangone.org › job-seeker-faqs","NYU | jobs",,,,,"21","US","DESKTOP","google.com",,,"1","100","This work was supported in part through the NYU IT High Performance Computing resources, services, and staff expertise","SEARCH","http://www.google.com/search?q=This+work+was+supported+in+part+through+the+NYU+IT+High+Performance+Computing+resources%2C+services%2C+and+staff+expertise&num=100","Job Seeker FAQ | NYU Langone Health","organic","https://jobs.nyulangone.org/job-seeker-faqs/"
"2020-11-18T12:00:00.000Z","The Greene HPC cluster was the result of a collaborative effort on the part of researchers and administrators from NYU's Courant Institute, ...","https://www.nyu.edu › news › GreeneSupercomputer","HPC | part | NYU's",,,,,"22","US","DESKTOP","google.com",,,"1","100","This work was supported in part through the NYU IT High Performance Computing resources, services, and staff expertise","SEARCH","http://www.google.com/search?q=This+work+was+supported+in+part+through+the+NYU+IT+High+Performance+Computing+resources%2C+services%2C+and+staff+expertise&num=100","Better, Faster, Greener - NYU Launches One of The Fastest ...","organic","https://www.nyu.edu/about/news-publications/news/2020/november/GreeneSupercomputer.html"
,"All 2023 inductees are longstanding ACM members and were selected by their peers for a range of accomplishments that advance computing as a science and a ...","https://www.acm.org","by | computing",,,,,"23","US","DESKTOP","google.com",,,"1","100","This work was supported in part through the NYU IT High Performance Computing resources, services, and staff expertise","SEARCH","http://www.google.com/search?q=This+work+was+supported+in+part+through+the+NYU+IT+High+Performance+Computing+resources%2C+services%2C+and+staff+expertise&num=100","Association for Computing Machinery","organic","https://www.acm.org/"
,"Discover a new kind of university in NYC, comprising a world-renowned design school, liberal arts college, performing arts college, and graduate schools.","https://www.newschool.edu","performing",,,,,"24","US","DESKTOP","google.com",,,"1","100","This work was supported in part through the NYU IT High Performance Computing resources, services, and staff expertise","SEARCH","http://www.google.com/search?q=This+work+was+supported+in+part+through+the+NYU+IT+High+Performance+Computing+resources%2C+services%2C+and+staff+expertise&num=100","The New School: A University in New York City","organic","https://www.newschool.edu/"
,"Part of the journey is the end. Last week I graduated from the MS in Management and Systems program from New York University (NYU School of ...","390+ reactions  ·  11 months ago","Part | end | NYU",,,,,"25","US","DESKTOP","google.com",,,"1","100","This work was supported in part through the NYU IT High Performance Computing resources, services, and staff expertise","SEARCH","http://www.google.com/search?q=This+work+was+supported+in+part+through+the+NYU+IT+High+Performance+Computing+resources%2C+services%2C+and+staff+expertise&num=100","Alvinya Bohora's Post","organic","https://www.linkedin.com/posts/alvinyabohora_alvinya-nyu-nyusps-activity-7067424958972358656-XXJ4"
,"Advancing how health happens by providing secure and reliable solutions that help deliver better healthcare insights and people-centric experiences.","https://www.oracle.com › health","by",,,,,"26","US","DESKTOP","google.com",,,"1","100","This work was supported in part through the NYU IT High Performance Computing resources, services, and staff expertise","SEARCH","http://www.google.com/search?q=This+work+was+supported+in+part+through+the+NYU+IT+High+Performance+Computing+resources%2C+services%2C+and+staff+expertise&num=100","Oracle Health","organic","https://www.oracle.com/health/"
,"Let us help you find what you're looking for. Popular topics include: unemployment benefits, apprenticeship, jobs.","https://www.dws.state.nm.us › en-us","jobs",,,,,"27","US","DESKTOP","google.com",,,"1","100","This work was supported in part through the NYU IT High Performance Computing resources, services, and staff expertise","SEARCH","http://www.google.com/search?q=This+work+was+supported+in+part+through+the+NYU+IT+High+Performance+Computing+resources%2C+services%2C+and+staff+expertise&num=100","New Mexico Department of Workforce Solutions > Home","organic","https://www.dws.state.nm.us/en-us/"
"2024-04-01T12:00:00.000Z","Data Services : Service Guidelines. NYU Libraries and IT support for quantitative, qualitative, GIS, and research data management. Home ...","https://guides.nyu.edu › dataservices › guidelines","Services | Service | NYU | support",,,,,"28","US","DESKTOP","google.com",,,"1","100","This work was supported in part through the NYU IT High Performance Computing resources, services, and staff expertise","SEARCH","http://www.google.com/search?q=This+work+was+supported+in+part+through+the+NYU+IT+High+Performance+Computing+resources%2C+services%2C+and+staff+expertise&num=100","Data Services : Service Guidelines","organic","https://guides.nyu.edu/dataservices/guidelines"
,"Use library or remote computing resources ... Services & expertise to use digital tools to produce high-impact communications ... Your one-stop shop for academic ...","https://library.gwu.edu","computing resources | Services | expertise | high",,,,,"29","US","DESKTOP","google.com",,,"1","100","This work was supported in part through the NYU IT High Performance Computing resources, services, and staff expertise","SEARCH","http://www.google.com/search?q=This+work+was+supported+in+part+through+the+NYU+IT+High+Performance+Computing+resources%2C+services%2C+and+staff+expertise&num=100","GW Libraries - The George Washington University","organic","https://library.gwu.edu/"
,"ExamSoft helps academic institutions improve student learning with secure assessment tools and software that provide valuable data, insights and reports.","https://examsoft.com","",,,,,"30","US","DESKTOP","google.com",,,"1","100","This work was supported in part through the NYU IT High Performance Computing resources, services, and staff expertise","SEARCH","http://www.google.com/search?q=This+work+was+supported+in+part+through+the+NYU+IT+High+Performance+Computing+resources%2C+services%2C+and+staff+expertise&num=100","Learning Assessment Tools & Software","organic","https://examsoft.com/"
"2015-04-07T12:00:00.000Z","support services: IT: hardware, images, statistics, textmining, GIS, coding, HPC (high performance computing), data processing, server and ...","https://christianlauersen.net › 2015/04/07 › a-best-case-...","support services | HPC | high performance computing",,,,,"31","US","DESKTOP","google.com",,,"1","100","This work was supported in part through the NYU IT High Performance Computing resources, services, and staff expertise","SEARCH","http://www.google.com/search?q=This+work+was+supported+in+part+through+the+NYU+IT+High+Performance+Computing+resources%2C+services%2C+and+staff+expertise&num=100","A best case research library scenario: the partnership data ...","organic","https://christianlauersen.net/2015/04/07/a-best-case-research-library-scenario-the-partnership-data-service-profile-between-library-it-services-at-nyu/"
,"Connect. Meet students interested in developer technologies at your college or university. · Learn. Learn about a range of technical topics and gain new skills ...","https://developers.google.com › community › gdsc","skills",,,,,"32","US","DESKTOP","google.com",,,"1","100","This work was supported in part through the NYU IT High Performance Computing resources, services, and staff expertise","SEARCH","http://www.google.com/search?q=This+work+was+supported+in+part+through+the+NYU+IT+High+Performance+Computing+resources%2C+services%2C+and+staff+expertise&num=100","Google Developer Student Clubs","organic","https://developers.google.com/community/gdsc"
,"Study Aids Subscription, from West Academic Publishing, is an online subscription based service that provides access to hundreds of study aids.","https://subscription.westacademic.com","Study | service | study",,,,,"33","US","DESKTOP","google.com",,,"1","100","This work was supported in part through the NYU IT High Performance Computing resources, services, and staff expertise","SEARCH","http://www.google.com/search?q=This+work+was+supported+in+part+through+the+NYU+IT+High+Performance+Computing+resources%2C+services%2C+and+staff+expertise&num=100","Study Aids Collection | Home","organic","https://subscription.westacademic.com/"
,"College Navigator is a free consumer information tool designed to help students, parents, high school counselors, and others get information about over 7000 ...","https://nces.ed.gov › collegenavigator","high | over",,,,,"34","US","DESKTOP","google.com",,,"1","100","This work was supported in part through the NYU IT High Performance Computing resources, services, and staff expertise","SEARCH","http://www.google.com/search?q=This+work+was+supported+in+part+through+the+NYU+IT+High+Performance+Computing+resources%2C+services%2C+and+staff+expertise&num=100","College Navigator - National Center for Education Statistics","organic","https://nces.ed.gov/collegenavigator/"
,"The all-in-one health education platform where educators teach effectively and students learn efficiently.","https://www.osmosis.org","",,,,,"35","US","DESKTOP","google.com",,,"1","100","This work was supported in part through the NYU IT High Performance Computing resources, services, and staff expertise","SEARCH","http://www.google.com/search?q=This+work+was+supported+in+part+through+the+NYU+IT+High+Performance+Computing+resources%2C+services%2C+and+staff+expertise&num=100","Learning Medicine Made Simple - Powerful learning platform","organic","https://www.osmosis.org/"
,"CUIT's High Performance Computing service provides a cluster of computing resources that power transactions across ... faculty-governed by the cross-disciplinary ...","https://www.cuit.columbia.edu › shared-research-comp...","High Performance Computing service | resources | across | faculty | by",,,,,"36","US","DESKTOP","google.com",,,"1","100","This work was supported in part through the NYU IT High Performance Computing resources, services, and staff expertise","SEARCH","http://www.google.com/search?q=This+work+was+supported+in+part+through+the+NYU+IT+High+Performance+Computing+resources%2C+services%2C+and+staff+expertise&num=100","High Performance Computing — HPC","organic","https://www.cuit.columbia.edu/shared-research-computing-facility"
,"If you do not apply jobs through MFE career net ... skills, access to great resources, scholarships, etc.), ... Algo Portfolio Management, which requires high level ...","https://quantnet.com › Resources › Programs › US","jobs through | skills | resources | high",,,,,"37","US","DESKTOP","google.com",,,"1","100","This work was supported in part through the NYU IT High Performance Computing resources, services, and staff expertise","SEARCH","http://www.google.com/search?q=This+work+was+supported+in+part+through+the+NYU+IT+High+Performance+Computing+resources%2C+services%2C+and+staff+expertise&num=100","NYU Tandon School of Engineering - MS in Financial ...","organic","https://quantnet.com/resources/nyu-tandon-school-of-engineering-ms-in-financial-engineering.17/reviews"
"2017-02-27T12:00:00.000Z","Lots of job opportunities. High quality education (Only in selected schools). Tons of programs and events organized by the university.","https://www.quora.com › What-is-your-overall-opinion...","High | by",,,,,"38","US","DESKTOP","google.com",,,"1","100","This work was supported in part through the NYU IT High Performance Computing resources, services, and staff expertise","SEARCH","http://www.google.com/search?q=This+work+was+supported+in+part+through+the+NYU+IT+High+Performance+Computing+resources%2C+services%2C+and+staff+expertise&num=100","What is your overall opinion on NYU?","organic","https://www.quora.com/What-is-your-overall-opinion-on-NYU"
,"Welcomes all student from across the NYU community to work ... ➔ Data Support, NYU Data Services. Provides ... High Performance Computing (HPC). ➔ Student ...","https://publichealth.nyu.edu › teaching-resources › reso...","across | NYU | work | Support | NYU | Services | High Performance Computing | HPC",,,,,"39","US","DESKTOP","google.com",,,"1","100","This work was supported in part through the NYU IT High Performance Computing resources, services, and staff expertise","SEARCH","http://www.google.com/search?q=This+work+was+supported+in+part+through+the+NYU+IT+High+Performance+Computing+resources%2C+services%2C+and+staff+expertise&num=100","Resources for Instructor-Student Excellence","organic","https://publichealth.nyu.edu/faculty/teaching-resources/resources-instructor-student-excellence"
,"The Office of Admissions at Howard provides updated information for Undergraduate, Graduate, and Professional program admissions.","https://admission.howard.edu","",,,,,"40","US","DESKTOP","google.com",,,"1","100","This work was supported in part through the NYU IT High Performance Computing resources, services, and staff expertise","SEARCH","http://www.google.com/search?q=This+work+was+supported+in+part+through+the+NYU+IT+High+Performance+Computing+resources%2C+services%2C+and+staff+expertise&num=100","Howard University: Undergraduate & Graduate Admissions","organic","https://admission.howard.edu/"
,"Students and faculty from accredited educational institutions (high schools, colleges, and universities) are welcome to apply. Students need to be enrolled ...","https://www.jetbrains.com › community › education","faculty | high",,,,,"41","US","DESKTOP","google.com",,,"1","100","This work was supported in part through the NYU IT High Performance Computing resources, services, and staff expertise","SEARCH","http://www.google.com/search?q=This+work+was+supported+in+part+through+the+NYU+IT+High+Performance+Computing+resources%2C+services%2C+and+staff+expertise&num=100","Free Educational Licenses - Community Support","organic","https://www.jetbrains.com/community/education/"
,"TRANSFORMATIONAL TALENT LEADER AND INCLUSION & DIVERSITY CHAMPION<br><br>Over 20 years of… · Experience: Crunch Fitness · Education: Mercy University ...","3.9K+ followers","Over | Experience",,,,,"42","US","DESKTOP","google.com",,,"1","100","This work was supported in part through the NYU IT High Performance Computing resources, services, and staff expertise","SEARCH","http://www.google.com/search?q=This+work+was+supported+in+part+through+the+NYU+IT+High+Performance+Computing+resources%2C+services%2C+and+staff+expertise&num=100","Pamela J. Brown - Crunch Fitness","organic","https://www.linkedin.com/in/pamelabr"
,"The creation of deep sequencing libraries for this important work was supported by ... high-performance computing facility. Opens in a ... If you have used ...","https://med.nyu.edu › scientific-cores-shared-resources","work | supported by | high | performance computing",,,,,"43","US","DESKTOP","google.com",,,"1","100","This work was supported in part through the NYU IT High Performance Computing resources, services, and staff expertise","SEARCH","http://www.google.com/search?q=This+work+was+supported+in+part+through+the+NYU+IT+High+Performance+Computing+resources%2C+services%2C+and+staff+expertise&num=100","Genome Technology Center","organic","https://med.nyu.edu/research/scientific-cores-shared-resources/genome-technology-center"
,"... service representatives in the major service areas across ... The High Performance Computing (HPC) Greene will ... Support & Expand the High Speed Research Network ...","https://www.nyu.edu › life › about-nyu-it › key-project...","service | service | across | High Performance Computing | HPC | Support",,,,,"44","US","DESKTOP","google.com",,,"1","100","This work was supported in part through the NYU IT High Performance Computing resources, services, and staff expertise","SEARCH","http://www.google.com/search?q=This+work+was+supported+in+part+through+the+NYU+IT+High+Performance+Computing+resources%2C+services%2C+and+staff+expertise&num=100","Key Projects and Initiatives","organic","https://www.nyu.edu/life/information-technology/about-nyu-it/key-projects-and-initiatives.html"
,"Research Computing Services at NYUAD supports researchers' use of technology, including our High Performance Computing Center.","https://nyuad.nyu.edu › research-and-research-institute","Services | supports | High Performance Computing",,,,,"45","US","DESKTOP","google.com",,,"1","100","This work was supported in part through the NYU IT High Performance Computing resources, services, and staff expertise","SEARCH","http://www.google.com/search?q=This+work+was+supported+in+part+through+the+NYU+IT+High+Performance+Computing+resources%2C+services%2C+and+staff+expertise&num=100","Center for Research Computing - NYU Abu Dhabi","organic","https://nyuad.nyu.edu/en/about/leadership-and-administration/office-of-the-provost/research/research-and-research-institute/center-for-research-computing.html"
"2021-04-14T12:00:00.000Z","With the help of high performance computing and NYU's ... High performance computing expertise comes into ... HPC experts can ensure these resources ...","https://www.nyu.edu › climate-change-ocean-studies-hpc","high performance computing | NYU's | High performance computing expertise | into | HPC experts | resources",,,,,"46","US","DESKTOP","google.com",,,"1","100","This work was supported in part through the NYU IT High Performance Computing resources, services, and staff expertise","SEARCH","http://www.google.com/search?q=This+work+was+supported+in+part+through+the+NYU+IT+High+Performance+Computing+resources%2C+services%2C+and+staff+expertise&num=100","Climate Change, Machine Learning, and High ...","organic","https://www.nyu.edu/life/information-technology/about-nyu-it/nyu-it-news/the-download/the-download-features/climate-change-ocean-studies-hpc.html"
,"Program Advisors connect you with appropriate campus resource offices and/or faculty to provide additional support as needed. We monitor progress toward your ...","https://publichealth.nyu.edu › students › current › acad...","resource | faculty | support",,,,,"47","US","DESKTOP","google.com",,,"1","100","This work was supported in part through the NYU IT High Performance Computing resources, services, and staff expertise","SEARCH","http://www.google.com/search?q=This+work+was+supported+in+part+through+the+NYU+IT+High+Performance+Computing+resources%2C+services%2C+and+staff+expertise&num=100","Academic Services","organic","https://publichealth.nyu.edu/students/current/academic-services"
,"Your studies at the NYU School of Professional Studies are governed by academic policies and procedures to which you must adhere. Students are expected to ...","https://www.sps.nyu.edu › student-experience › policies...","NYU | by",,,,,"48","US","DESKTOP","google.com",,,"1","100","This work was supported in part through the NYU IT High Performance Computing resources, services, and staff expertise","SEARCH","http://www.google.com/search?q=This+work+was+supported+in+part+through+the+NYU+IT+High+Performance+Computing+resources%2C+services%2C+and+staff+expertise&num=100","Policies and Procedures","organic","https://www.sps.nyu.edu/homepage/student-experience/policies-and-procedures.html"
,"The mission of Advanced Materials and Building Efficiency Research Laboratory (AMBER Lab) is to tackle pressing societal issues through fundamental and ...","https://nyuad.nyu.edu › research › faculty-labs-and-pro...","Efficiency | through",,,,,"49","US","DESKTOP","google.com",,,"1","100","This work was supported in part through the NYU IT High Performance Computing resources, services, and staff expertise","SEARCH","http://www.google.com/search?q=This+work+was+supported+in+part+through+the+NYU+IT+High+Performance+Computing+resources%2C+services%2C+and+staff+expertise&num=100","Faculty Labs and Projects - NYU Abu Dhabi","organic","https://nyuad.nyu.edu/en/research/faculty-labs-and-projects.html"
,"The NYUAD Library provides academic software and troubleshooting services.","https://nyuad.nyu.edu › center-for-academic-technology","services",,,,,"50","US","DESKTOP","google.com",,,"1","100","This work was supported in part through the NYU IT High Performance Computing resources, services, and staff expertise","SEARCH","http://www.google.com/search?q=This+work+was+supported+in+part+through+the+NYU+IT+High+Performance+Computing+resources%2C+services%2C+and+staff+expertise&num=100","Software for Research and Teaching - NYU Abu Dhabi","organic","https://nyuad.nyu.edu/en/library/research-and-instruction-services/center-for-academic-technology/software.html"
,"Resources and Services ... Help support local families by donating much needed diapers and hygiene items to the NYU ... The program is open to NYU faculty, along ...","https://events.nyu.edu","Resources | Services | support | by | NYU | NYU faculty | along",,,,,"51","US","DESKTOP","google.com",,,"1","100","This work was supported in part through the NYU IT High Performance Computing resources, services, and staff expertise","SEARCH","http://www.google.com/search?q=This+work+was+supported+in+part+through+the+NYU+IT+High+Performance+Computing+resources%2C+services%2C+and+staff+expertise&num=100","NYU Calendar","organic","https://events.nyu.edu/"
,"Lipton is a first-year residence hall that houses 700 students and is part of the First Year Residential Experience. It's location just across from Washington ...","https://meet.nyu.edu › washington-square-tour","part | Experience | across",,,,,"52","US","DESKTOP","google.com",,,"1","100","This work was supported in part through the NYU IT High Performance Computing resources, services, and staff expertise","SEARCH","http://www.google.com/search?q=This+work+was+supported+in+part+through+the+NYU+IT+High+Performance+Computing+resources%2C+services%2C+and+staff+expertise&num=100","Washington Square","organic","https://meet.nyu.edu/washington-square-tour/"
,"... part of NYU's campus, as are the university's vast intellectual and academic resources. ... High School Programs provide high school students ... faculty, students, ...","https://steinhardt.nyu.edu › departments › art-and-art-pr...","part | NYU's | resources | High | high | faculty",,,,,"53","US","DESKTOP","google.com",,,"1","100","This work was supported in part through the NYU IT High Performance Computing resources, services, and staff expertise","SEARCH","http://www.google.com/search?q=This+work+was+supported+in+part+through+the+NYU+IT+High+Performance+Computing+resources%2C+services%2C+and+staff+expertise&num=100","Art and Art Professions","organic","https://steinhardt.nyu.edu/departments/art-and-art-professions"
,"It has over 70 associate and affiliate faculty from 25 departments in 9 schools and units. With cross-disciplinary research and innovative educational programs, ...","https://cds.nyu.edu","over | faculty",,,,,"54","US","DESKTOP","google.com",,,"1","100","This work was supported in part through the NYU IT High Performance Computing resources, services, and staff expertise","SEARCH","http://www.google.com/search?q=This+work+was+supported+in+part+through+the+NYU+IT+High+Performance+Computing+resources%2C+services%2C+and+staff+expertise&num=100","Center for Data Science - New York University - NYU","organic","https://cds.nyu.edu/"
,"Without taking any additional action, eligible applicants are automatically accepted into select NYU SPS degree programs when they apply or transfer by the ...","https://www.sps.nyu.edu › admissions › admissions-faq","into | NYU | by",,,,,"55","US","DESKTOP","google.com",,,"1","100","This work was supported in part through the NYU IT High Performance Computing resources, services, and staff expertise","SEARCH","http://www.google.com/search?q=This+work+was+supported+in+part+through+the+NYU+IT+High+Performance+Computing+resources%2C+services%2C+and+staff+expertise&num=100","Frequently Asked Questions: Admissions | NYU SPS","organic","https://www.sps.nyu.edu/homepage/admissions/admissions-faq.html"
,"Our faculty provide insight into what they look ... experience in creating new technologies to study the brain and the genome. ... using the high-performance ...","https://med.nyu.edu › neuroscience › education › resear...","faculty | into | experience | study | using | high | performance",,,,,"56","US","DESKTOP","google.com",,,"1","100","This work was supported in part through the NYU IT High Performance Computing resources, services, and staff expertise","SEARCH","http://www.google.com/search?q=This+work+was+supported+in+part+through+the+NYU+IT+High+Performance+Computing+resources%2C+services%2C+and+staff+expertise&num=100","Neuroscience Research Associates Program","organic","https://med.nyu.edu/departments-institutes/neuroscience/education/research-associates-program"
,"Resources and Services ... As a part of her work, Michelle identifies and ... Fellows may work with ENYF staff to connect with community partners, support ...","https://www.sps.nyu.edu › academics › ecjs-lab","Resources | Services | part | work | work | staff | support",,,,,"57","US","DESKTOP","google.com",,,"1","100","This work was supported in part through the NYU IT High Performance Computing resources, services, and staff expertise","SEARCH","http://www.google.com/search?q=This+work+was+supported+in+part+through+the+NYU+IT+High+Performance+Computing+resources%2C+services%2C+and+staff+expertise&num=100","The NYU SPS Energy, Climate Justice, and Sustainability ...","organic","https://www.sps.nyu.edu/homepage/academics/divisions-and-departments/center-for-global-affairs/ecjs-lab.html"
,"TO WORK. MATHEMATICS IN FINANCE AT NYU COURANT IS FOR THOSE COMMITTED TO LAUNCHING CAREERS IN THE FINANCIAL INDUSTRY AND PUTTING IN ...","https://math-finance.cims.nyu.edu","WORK | NYU",,,,,"58","US","DESKTOP","google.com",,,"1","100","This work was supported in part through the NYU IT High Performance Computing resources, services, and staff expertise","SEARCH","http://www.google.com/search?q=This+work+was+supported+in+part+through+the+NYU+IT+High+Performance+Computing+resources%2C+services%2C+and+staff+expertise&num=100","Home - NYU Courant","organic","https://math-finance.cims.nyu.edu/"
,"You will gain a solid grounding in the fundamentals of computer science, along with access to professional-level courses, and an opportunity to specialize in ...","https://engineering.nyu.edu › academics › programs › c...","computer | along",,,,,"59","US","DESKTOP","google.com",,,"1","100","This work was supported in part through the NYU IT High Performance Computing resources, services, and staff expertise","SEARCH","http://www.google.com/search?q=This+work+was+supported+in+part+through+the+NYU+IT+High+Performance+Computing+resources%2C+services%2C+and+staff+expertise&num=100","Computer Science, M.S.","organic","https://engineering.nyu.edu/academics/programs/computer-science-ms"
,"One of New York University's strengths is its vast array of institutes and centers that are not only an important part of the academic setting of the ...","https://www.nyu.edu › research › research-centers-and-i...","part",,,,,"60","US","DESKTOP","google.com",,,"1","100","This work was supported in part through the NYU IT High Performance Computing resources, services, and staff expertise","SEARCH","http://www.google.com/search?q=This+work+was+supported+in+part+through+the+NYU+IT+High+Performance+Computing+resources%2C+services%2C+and+staff+expertise&num=100","Research Centers and Institutes","organic","https://www.nyu.edu/research/research-centers-and-institutes.html"
,"Collaboratively with clinical research, this work is driven by ... High Speed Networking Lab. Our research is ... ViDA consists of computer scientists who work ...","https://engineering.nyu.edu › research › labs-and-groups","work | by | High Speed | computer | work",,,,,"61","US","DESKTOP","google.com",,,"1","100","This work was supported in part through the NYU IT High Performance Computing resources, services, and staff expertise","SEARCH","http://www.google.com/search?q=This+work+was+supported+in+part+through+the+NYU+IT+High+Performance+Computing+resources%2C+services%2C+and+staff+expertise&num=100","Labs and Groups","organic","https://engineering.nyu.edu/research/labs-and-groups"
,"by A Ross · 2023 · Cited by 33 — This research was also supported in part through the NYU IT High Performance Computing resources, services, and staff expertise. The authors would like to ...","https://nyuscholars.nyu.edu › publications › benchmarki...","supported | part through | NYU | High Performance Computing resources | services | staff expertise","Cited by 33 — This research was also supported in part through the NYU IT High Performance Computing resources, services, and staff expertise. The authors would like to ...","2023","by A Ross","by A Ross · 2023 · Cited by 33 — This research was also supported in part through the NYU IT High Performance Computing resources, services, and staff expertise. The authors would like to ...","62","US","DESKTOP","google.com",,,"1","100","This work was supported in part through the NYU IT High Performance Computing resources, services, and staff expertise","SEARCH","http://www.google.com/search?q=This+work+was+supported+in+part+through+the+NYU+IT+High+Performance+Computing+resources%2C+services%2C+and+staff+expertise&num=100","Benchmarking of Machine Learning Ocean Subgrid ...","organic","https://nyuscholars.nyu.edu/en/publications/benchmarking-of-machine-learning-ocean-subgrid-parameterizations-"
,"At the Tandon School of Engineering, not only will you learn in the classroom, but also through studying real-world cases, as well as active learning in the ...","https://engineering.nyu.edu › academics › programs › b...","through",,,,,"63","US","DESKTOP","google.com",,,"1","100","This work was supported in part through the NYU IT High Performance Computing resources, services, and staff expertise","SEARCH","http://www.google.com/search?q=This+work+was+supported+in+part+through+the+NYU+IT+High+Performance+Computing+resources%2C+services%2C+and+staff+expertise&num=100","Business and Technology Management, B.S.","organic","https://engineering.nyu.edu/academics/programs/business-and-technology-management-bs"
,"by A Yusov · 2023 · Cited by 2 — This work was also supported in part through the NYU IT High Performance Computing resources, services, and staff expertise. The authors would like to thank ...","https://nyuscholars.nyu.edu › publications › coercing-ass...","work | supported | part through | NYU | High Performance Computing resources | services | staff expertise","Cited by 2 — This work was also supported in part through the NYU IT High Performance Computing resources, services, and staff expertise. The authors would like to thank ...","2023","by A Yusov","by A Yusov · 2023 · Cited by 2 — This work was also supported in part through the NYU IT High Performance Computing resources, services, and staff expertise. The authors would like to thank ...","64","US","DESKTOP","google.com",,,"1","100","This work was supported in part through the NYU IT High Performance Computing resources, services, and staff expertise","SEARCH","http://www.google.com/search?q=This+work+was+supported+in+part+through+the+NYU+IT+High+Performance+Computing+resources%2C+services%2C+and+staff+expertise&num=100","Coercing assembly of donor-acceptor complexes with ...","organic","https://nyuscholars.nyu.edu/en/publications/coercing-assembly-of-donor-acceptor-complexes-with-hydrogen-bonde"
,"by GP Wellawatte · 2023 · Cited by 9 — This work was supported, in part, through the NYU IT High Performance Computing resources, services, and staff expertise, and simulations ...","https://nyuscholars.nyu.edu › publications › neural-poten...","work | supported | part | through | NYU | High Performance Computing resources | services | staff expertise","Cited by 9 — This work was supported, in part, through the NYU IT High Performance Computing resources, services, and staff expertise, and simulations ...","2023","by GP Wellawatte","by GP Wellawatte · 2023 · Cited by 9 — This work was supported, in part, through the NYU IT High Performance Computing resources, services, and staff expertise, and simulations ...","65","US","DESKTOP","google.com",,,"1","100","This work was supported in part through the NYU IT High Performance Computing resources, services, and staff expertise","SEARCH","http://www.google.com/search?q=This+work+was+supported+in+part+through+the+NYU+IT+High+Performance+Computing+resources%2C+services%2C+and+staff+expertise&num=100","Neural potentials of proteins extrapolate beyond training data","organic","https://nyuscholars.nyu.edu/en/publications/neural-potentials-of-proteins-extrapolate-beyond-training-data"
,"... through prior academic and/or work experience. ... employees but they deliver a lot of high ... The stability and resources of a bulge bracket bank, the work ...","http://blogs.stern.nyu.edu › full-time-mba","through | work experience | employees | high | resources | work",,,,,"66","US","DESKTOP","google.com",,,"1","100","This work was supported in part through the NYU IT High Performance Computing resources, services, and staff expertise","SEARCH","http://www.google.com/search?q=This+work+was+supported+in+part+through+the+NYU+IT+High+Performance+Computing+resources%2C+services%2C+and+staff+expertise&num=100","Full-time MBA Blog –","organic","http://blogs.stern.nyu.edu/full-time-mba/"
,"Find out more about currently funded grants using REDCap on the NYU High Performance Computing REDCap website (NetID and password may be required).","https://www.nyu.edu › life › research-data-and-tools › r...","funded | using | NYU High Performance Computing",,,,,"67","US","DESKTOP","google.com",,,"1","100","This work was supported in part through the NYU IT High Performance Computing resources, services, and staff expertise","SEARCH","http://www.google.com/search?q=This+work+was+supported+in+part+through+the+NYU+IT+High+Performance+Computing+resources%2C+services%2C+and+staff+expertise&num=100","Research Electronic Data Capture (REDCap)","organic","https://www.nyu.edu/life/information-technology/research-computing-services/research-data-and-tools/redcap.html"
,"","https://books.google.com › books","",,,,,"68","US","DESKTOP","google.com",,,"1","100","This work was supported in part through the NYU IT High Performance Computing resources, services, and staff expertise","SEARCH","http://www.google.com/search?q=This+work+was+supported+in+part+through+the+NYU+IT+High+Performance+Computing+resources%2C+services%2C+and+staff+expertise&num=100","Computerworld - Jan 15, 1990 - Page 84 - Google Books Result","organic","https://books.google.com/books?id=pslDqcef8UEC&pg=PA84&lpg=PA84&dq=This+work+was+supported+in+part+through+the+NYU+IT+High+Performance+Computing+resources,+services,+and+staff+expertise&source=bl&ots=TJ4WOkC2Ks&sig=ACfU3U11MU7z9J-RZOvdcGHLzKoCAlXxQw&hl=en&sa=X&ved=2ahUKEwiikc7yutWFAxVxL9AFHYDCAnYQ6AF6BQjfARAD"
