Title,Link,Snippet
Acknowledgement Statement - hpc@nyu.edu,https://sites.google.com/nyu.edu/nyu-hpc/about/acknowledgement-statement,Snippet not found
ABC: A Big CAD Model Dataset For Geometric Deep ...,https://archive.nyu.edu/handle/2451/43778,Snippet not found
ABC Dataset Chunk 0010,https://archive.nyu.edu/handle/2451/44326,Snippet not found
High Performance Computing Core,https://med.nyu.edu/research/scientific-cores-shared-resources/high-performance-computing-core,Snippet not found
High Performance Computing,https://www.nyu.edu/life/information-technology/research-computing-services/high-performance-computing.html,Snippet not found
Software Resources,https://www.nyu.edu/life/information-technology/computing-support/software/software.html,Snippet not found
"Which is better, NYU or Columbia University?",https://www.quora.com/Which-is-better-NYU-or-Columbia-University,Snippet not found
Getting and Renewing an Account,https://sites.google.com/nyu.edu/nyu-hpc/accessing-hpc/getting-and-renewing-an-account,Snippet not found
Center for Research Computing - NYU Abu Dhabi,https://nyuad.nyu.edu/en/research/facilities-and-support/center-for-research-computing.html,Snippet not found
Digital and Data Services: High Performance Computing,https://library.lclark.edu/digital/hpc,Snippet not found
New York State Education Department,https://www.nysed.gov/,Snippet not found
Software Resources,https://www.nyu.edu/life/information-technology/computing-support/software/software.html,Snippet not found
New Mexico Department of Workforce Solutions > Home,https://www.dws.state.nm.us/en-us/,Snippet not found
Association for Computing Machinery,https://www.acm.org/,Snippet not found
"Research, Ethics, Compliance, and Safety Training",https://about.citiprogram.org/,Snippet not found
Digital and Data Services: High Performance Computing,https://library.lclark.edu/digital/hpc,Snippet not found
Librarian for History,https://apply.interfolio.com/141648,Snippet not found
Howard University: Undergraduate & Graduate Admissions,https://admission.howard.edu/,Snippet not found
Learning Assessment Tools & Software,https://examsoft.com/,Snippet not found
Job Seeker FAQ | NYU Langone Health,https://jobs.nyulangone.org/job-seeker-faqs/,Snippet not found
Career Opportunities | NYU Langone Health,https://jobs.nyulangone.org/career-opportunities/,Snippet not found
Fashion Institute of Technology,https://www.fitnyc.edu/,Snippet not found
"Better, Faster, Greener - NYU Launches One of The Fastest ...",https://www.nyu.edu/about/news-publications/news/2020/november/GreeneSupercomputer.html,Snippet not found
New York State Education Department,https://www.nysed.gov/,Snippet not found
The New School: A University in New York City,https://www.newschool.edu/,Snippet not found
Resources for Instructor-Student Excellence,https://publichealth.nyu.edu/faculty/teaching-resources/resources-instructor-student-excellence,Snippet not found
Oracle Health,https://www.oracle.com/health/,Snippet not found
A best case research library scenario: the partnership data ...,https://christianlauersen.net/2015/04/07/a-best-case-research-library-scenario-the-partnership-data-service-profile-between-library-it-services-at-nyu/,Snippet not found
New Mexico Department of Workforce Solutions > Home,https://www.dws.state.nm.us/en-us/,Snippet not found
A best case research library scenario: the partnership data ...,https://christianlauersen.net/2015/04/07/a-best-case-research-library-scenario-the-partnership-data-service-profile-between-library-it-services-at-nyu/,Snippet not found
"Better, Faster, Greener - NYU Launches One of The Fastest ...",https://www.nyu.edu/about/news-publications/news/2020/november/GreeneSupercomputer.html,Snippet not found
New Mexico Department of Workforce Solutions > Home,https://www.dws.state.nm.us/en-us/,Snippet not found
Learning Assessment Tools & Software,https://examsoft.com/,Snippet not found
California Institute of the Arts: CalArts,https://calarts.edu/,Snippet not found
Google Developer Student Clubs,https://developers.google.com/community/gdsc,Snippet not found
"What Are Soft Skills? Definition, Importance, and Examples",https://www.investopedia.com/terms/s/soft-skills.asp,Snippet not found
NYU Langone Fertility Center,https://www.fertilityiq.com/fertilityiq/clinics/nyu-langone-fertility-center,Snippet not found
College Navigator - National Center for Education Statistics,https://nces.ed.gov/collegenavigator/,Snippet not found
How Ethan and Lilach Mollick started automating their jobs,https://www.vox.com/future-perfect/2023/3/14/23637633/chatgpt-bing-generative-ai-ethan-lilach-mollick,Snippet not found
Rebecca G. - Pandemic Sabatical - Fat Little Bird,https://www.linkedin.com/in/rsgallagher,Snippet not found
Healthcare IT & Epic Jobs,https://jobs.nyulangone.org/career-opportunities/information-technology-digital/,Snippet not found
Data Services : Service Guidelines,https://guides.nyu.edu/dataservices/guidelines,Snippet not found
"What Are Soft Skills? Definition, Importance, and Examples",https://www.investopedia.com/terms/s/soft-skills.asp,Snippet not found
A best case research library scenario: the partnership data ...,https://christianlauersen.net/2015/04/07/a-best-case-research-library-scenario-the-partnership-data-service-profile-between-library-it-services-at-nyu/,Snippet not found
Center for Research Computing - NYU Abu Dhabi,https://nyuad.nyu.edu/en/research/facilities-and-support/center-for-research-computing.html,Snippet not found
"Better, Faster, Greener - NYU Launches One of The Fastest ...",https://www.nyu.edu/about/news-publications/news/2020/november/GreeneSupercomputer.html,Snippet not found
Key Projects and Initiatives,https://www.nyu.edu/life/information-technology/about-nyu-it/key-projects-and-initiatives.html,Snippet not found
Policies and Procedures,https://www.sps.nyu.edu/homepage/student-experience/policies-and-procedures.html,Snippet not found
Genome Technology Center,https://med.nyu.edu/research/scientific-cores-shared-resources/genome-technology-center,Snippet not found
The Astonishing Transformation of Austin,https://www.newyorker.com/magazine/2023/02/13/the-astonishing-transformation-of-austin,Snippet not found
Center for Research Computing - NYU Abu Dhabi,https://nyuad.nyu.edu/en/about/leadership-and-administration/office-of-the-provost/research/research-and-research-institute/center-for-research-computing.html,Snippet not found
Academic Services,https://publichealth.nyu.edu/students/current/academic-services,Snippet not found
Policies and Procedures,https://www.sps.nyu.edu/homepage/student-experience/policies-and-procedures.html,Snippet not found
Team | Corelink - NYU,https://corelink.hpc.nyu.edu/about-us/team,Snippet not found
Software for Research and Teaching - NYU Abu Dhabi,https://nyuad.nyu.edu/en/library/research-and-instruction-services/center-for-academic-technology/software.html,Snippet not found
MS in Biomedical Informatics,https://med.nyu.edu/research/vilcek-institute-graduate-biomedical-sciences/ms-biomedical-informatics,Snippet not found
Art and Art Professions,https://steinhardt.nyu.edu/departments/art-and-art-professions,Snippet not found
Academic Policies,https://cas.nyu.edu/academic-programs/bulletin/policies/academic-policies.html,Snippet not found
Center for Research Computing - NYU Abu Dhabi,https://nyuad.nyu.edu/en/about/leadership-and-administration/office-of-the-provost/research/research-and-research-institute/center-for-research-computing.html,Snippet not found
Neuroscience Research Associates Program,https://med.nyu.edu/departments-institutes/neuroscience/education/research-associates-program,Snippet not found
ARISE Program Details,https://engineering.nyu.edu/academics/programs/k12-stem-education/arise/program-details,Snippet not found
Labs and Groups,https://engineering.nyu.edu/research/labs-and-groups,Snippet not found
"Business and Technology Management, B.S.",https://engineering.nyu.edu/academics/programs/business-and-technology-management-bs,Snippet not found
"The NYU SPS Energy, Climate Justice, and Sustainability ...",https://www.sps.nyu.edu/homepage/academics/divisions-and-departments/center-for-global-affairs/ecjs-lab.html,Snippet not found
ESG and Financial Performance,https://www.stern.nyu.edu/experience-stern/about/departments-centers-initiatives/centers-of-research/center-sustainable-business/research/research-initiatives/esg-and-financial-performance,Snippet not found
Washington Square,https://meet.nyu.edu/washington-square-tour/,Snippet not found
Course Schedule,https://cs.nyu.edu/dynamic/courses/schedule/,Snippet not found
Master's (MS) in Human Capital Analytics and Technology ...,https://www.sps.nyu.edu/homepage/academics/masters-degrees/ms-in-human-capital-analytics-and-technology.html,Snippet not found
Benchmarking of Machine Learning Ocean Subgrid ...,https://nyuscholars.nyu.edu/en/publications/benchmarking-of-machine-learning-ocean-subgrid-parameterizations-,Snippet not found
Master's (MS) in Human Capital Analytics and Technology ...,https://www.sps.nyu.edu/homepage/academics/masters-degrees/ms-in-human-capital-analytics-and-technology.html,Snippet not found
Research Centers and Institutes,https://www.nyu.edu/research/research-centers-and-institutes.html,Snippet not found
Course Schedule,https://cs.nyu.edu/dynamic/courses/schedule/,Snippet not found
"Business and Technology Management, B.S.",https://engineering.nyu.edu/academics/programs/business-and-technology-management-bs,Snippet not found
Full-time MBA Blog –,http://blogs.stern.nyu.edu/full-time-mba/,Snippet not found
Resources in Education - Volume 22 - Page 822 - Google Books Result,"https://books.google.com/books?id=jz7gAAAAMAAJ&pg=PA822&lpg=PA822&dq=This+work+was+supported+in+part+through+the+NYU+IT+High+Performance+Computing+resources,+services,+and+staff+expertise&source=bl&ots=CDAb7AhxXa&sig=ACfU3U39TWcv_Ie5mxaoF-tQakOlkXKJkw&hl=en&sa=X&ved=2ahUKEwjdxt-64ZyGAxV-avUHHRxZBLo4RhDoAXoECAkQAw",1988 · ‎Education... through Functional Oral Commu- ED 281 386 ... Part 1 of 5 . Technical Entrepreneurship and ... NYU . The Tenth Summative Report of the Office of Computer- ED ...
